doc_id,true_topic,text,keywords
1,정치,"정당 분야에서 새로운 변화가 관측됐다. 대통령와 여당를 둘러싼 해석이 이어지는 가운데, 안보의 향방에도 관심이 쏠리고 있다.","정당,대통령,여당,안보"
2,정치+경제,"부동산 분야에서 새로운 변화가 관측됐다. 금리와 외교를 둘러싼 해석이 이어지는 가운데, 협상 및 무역의 향방에도 관심이 쏠리고 있다.","부동산,금리,외교,협상,무역,정부,안보,소비"
3,경제,최근 성장와 관련한 움직임이 뚜렷해지고 있다. 투자를 계기로 물가 논의가 확대되는 모습이다. 이에 따라 금리를 둘러싼 전망도 엇갈리고 있다.,"성장,투자,물가,금리"
4,스포츠,최근 경기와 관련한 움직임이 뚜렷해지고 있다. 훈련를 계기로 기록 논의가 확대되는 모습이다. 이에 따라 리그를 둘러싼 전망도 엇갈리고 있다.,"경기,훈련,기록,리그"
5,스포츠,최근 득점와 관련한 움직임이 뚜렷해지고 있다. 팬를 계기로 팀 논의가 확대되는 모습이다. 이에 따라 경기력를 둘러싼 전망도 엇갈리고 있다.,"득점,팬,팀,경기력"
6,경제,경제를 둘러싼 관심이 커지고 있다. 현장에서는 투자와 산업 문제를 함께 살펴보고 있다. 특히 주식 흐름이 중요한 변수로 거론된다.,"경제,투자,산업,주식"
7,경제,주식를 둘러싼 관심이 커지고 있다. 현장에서는 일자리와 소비 문제를 함께 살펴보고 있다. 특히 부동산 흐름이 중요한 변수로 거론된다.,"주식,일자리,소비,부동산"
8,과학기술+보건,검진를 둘러싼 관심이 커지고 있다. 현장에서는 백신와 인터넷 문제를 함께 살펴보고 있다. 특히 병원뿐 아니라 우주 흐름도 중요한 변수로 거론된다.,"검진,백신,인터넷,병원,우주,혁신,연구,반도체"
9,스포츠,대표팀를 둘러싼 관심이 커지고 있다. 현장에서는 팀와 득점 문제를 함께 살펴보고 있다. 특히 시즌 흐름이 중요한 변수로 거론된다.,"대표팀,팀,득점,시즌"
10,경제+보건,"경제 분야에서 새로운 변화가 관측됐다. 건강와 산업를 둘러싼 해석이 이어지는 가운데, 금융 및 백신의 향방에도 관심이 쏠리고 있다.","경제,건강,산업,금융,백신,질병,소비,치료"
11,과학기술,개발과 소프트웨어 관련 논의가 이어지고 있다. 우주 중심으로 플랫폼 변화가 나타나고 있다.,"개발,소프트웨어,우주,플랫폼"
12,스포츠,득점를 둘러싼 관심이 커지고 있다. 현장에서는 시즌와 리그 문제를 함께 살펴보고 있다. 특히 기록 흐름이 중요한 변수로 거론된다.,"득점,시즌,리그,기록"
13,보건,증상를 둘러싼 관심이 커지고 있다. 현장에서는 연구와 치료 문제를 함께 살펴보고 있다. 특히 간호 흐름이 중요한 변수로 거론된다.,"증상,연구,치료,간호"
14,경제+정치,수출과 예산 관련 논의가 이어지고 있다. 시장 중심으로 여당 변화가 나타나고 있다. 전문가들은 정책와 금융 영향에 주목하고 있다.,"수출,예산,시장,여당,정책,금융,성장,정당"
15,스포츠,최근 감독와 관련한 움직임이 뚜렷해지고 있다. 기록를 계기로 경기력 논의가 확대되는 모습이다. 이에 따라 시즌를 둘러싼 전망도 엇갈리고 있다.,"감독,기록,경기력,시즌"
16,스포츠,"우승 분야에서 새로운 변화가 관측됐다. 기록와 팀를 둘러싼 해석이 이어지는 가운데, 대회의 향방에도 관심이 쏠리고 있다.","우승,기록,팀,대회"
17,과학기술,반도체를 둘러싼 관심이 커지고 있다. 현장에서는 디지털와 데이터 문제를 함께 살펴보고 있다. 특히 알고리즘 흐름이 중요한 변수로 거론된다.,"반도체,디지털,데이터,알고리즘"
18,정치+경제,"정부 분야에서 새로운 변화가 관측됐다. 무역와 대통령를 둘러싼 해석이 이어지는 가운데, 정책 및 금리의 향방에도 관심이 쏠리고 있다.","정부,무역,대통령,정책,금리,투자,여당,주식"
19,정치+과학기술,혁신를 둘러싼 관심이 커지고 있다. 현장에서는 디지털와 인터넷 문제를 함께 살펴보고 있다. 특히 AI뿐 아니라 여당 흐름도 중요한 변수로 거론된다.,"혁신,디지털,인터넷,AI,여당,외교,의회,개혁"
20,경제,주식과 수출 관련 논의가 이어지고 있다. 산업 중심으로 기업 변화가 나타나고 있다.,"주식,수출,산업,기업"
21,스포츠+정치,"행정 분야에서 새로운 변화가 관측됐다. 팀와 외교를 둘러싼 해석이 이어지는 가운데, 정당 및 감독의 향방에도 관심이 쏠리고 있다.","행정,팀,외교,정당,감독,기록,선수,여당"
22,스포츠+과학기술,기록를 둘러싼 관심이 커지고 있다. 현장에서는 팀와 인터넷 문제를 함께 살펴보고 있다. 특히 AI뿐 아니라 우주 흐름도 중요한 변수로 거론된다.,"기록,팀,인터넷,AI,우주,리그,개발,감독"
23,스포츠+정치,"법안 분야에서 새로운 변화가 관측됐다. 팬와 선수를 둘러싼 해석이 이어지는 가운데, 정당 및 감독의 향방에도 관심이 쏠리고 있다.","법안,팬,선수,정당,감독,대통령,경기력,행정"
24,스포츠,"팀 분야에서 새로운 변화가 관측됐다. 득점와 대회를 둘러싼 해석이 이어지는 가운데, 리그의 향방에도 관심이 쏠리고 있다.","팀,득점,대회,리그"
25,보건+과학기술,병원과 개발 관련 논의가 이어지고 있다. 백신 중심으로 환자 변화가 나타나고 있다. 전문가들은 알고리즘와 데이터 영향에 주목하고 있다.,"병원,개발,백신,환자,알고리즘,데이터,플랫폼,연구"
26,보건,최근 치료와 관련한 움직임이 뚜렷해지고 있다. 예방를 계기로 간호 논의가 확대되는 모습이다. 이에 따라 의료를 둘러싼 전망도 엇갈리고 있다.,"치료,예방,간호,의료"
27,정치,선거를 둘러싼 관심이 커지고 있다. 현장에서는 국회와 행정 문제를 함께 살펴보고 있다. 특히 야당 흐름이 중요한 변수로 거론된다.,"선거,국회,행정,야당"
28,경제,주식과 부동산 관련 논의가 이어지고 있다. 일자리 중심으로 무역 변화가 나타나고 있다.,"주식,부동산,일자리,무역"
29,보건,"치료 분야에서 새로운 변화가 관측됐다. 증상와 병원를 둘러싼 해석이 이어지는 가운데, 백신의 향방에도 관심이 쏠리고 있다.","치료,증상,병원,백신"
30,정치,"의회 분야에서 새로운 변화가 관측됐다. 야당와 여당를 둘러싼 해석이 이어지는 가운데, 대통령의 향방에도 관심이 쏠리고 있다.","의회,야당,여당,대통령"
31,보건+스포츠,시즌를 둘러싼 관심이 커지고 있다. 현장에서는 경기력와 증상 문제를 함께 살펴보고 있다. 특히 기록뿐 아니라 백신 흐름도 중요한 변수로 거론된다.,"시즌,경기력,증상,기록,백신,팀,병원,연구"
32,정치,최근 의회와 관련한 움직임이 뚜렷해지고 있다. 정책를 계기로 야당 논의가 확대되는 모습이다. 이에 따라 예산를 둘러싼 전망도 엇갈리고 있다.,"의회,정책,야당,예산"
33,정치+과학기술,플랫폼과 외교 관련 논의가 이어지고 있다. 반도체 중심으로 연구 변화가 나타나고 있다. 전문가들은 기술와 국회 영향에 주목하고 있다.,"플랫폼,외교,반도체,연구,기술,국회,행정,정당"
34,보건,최근 검진와 관련한 움직임이 뚜렷해지고 있다. 건강를 계기로 백신 논의가 확대되는 모습이다. 이에 따라 간호를 둘러싼 전망도 엇갈리고 있다.,"검진,건강,백신,간호"
35,보건+정치,협상과 개혁 관련 논의가 이어지고 있다. 환자 중심으로 건강 변화가 나타나고 있다. 전문가들은 안보와 법안 영향에 주목하고 있다.,"협상,개혁,환자,건강,안보,법안,백신,감염"
36,스포츠,시즌과 기록 관련 논의가 이어지고 있다. 경기력 중심으로 대표팀 변화가 나타나고 있다.,"시즌,기록,경기력,대표팀"
37,보건,"감염 분야에서 새로운 변화가 관측됐다. 백신와 환자를 둘러싼 해석이 이어지는 가운데, 검진의 향방에도 관심이 쏠리고 있다.","감염,백신,환자,검진"
38,보건,최근 치료와 관련한 움직임이 뚜렷해지고 있다. 간호를 계기로 질병 논의가 확대되는 모습이다. 이에 따라 건강를 둘러싼 전망도 엇갈리고 있다.,"치료,간호,질병,건강"
39,정치,"협상 분야에서 새로운 변화가 관측됐다. 개혁와 선거를 둘러싼 해석이 이어지는 가운데, 정당의 향방에도 관심이 쏠리고 있다.","협상,개혁,선거,정당"
40,스포츠,감독과 대표팀 관련 논의가 이어지고 있다. 기록 중심으로 훈련 변화가 나타나고 있다.,"감독,대표팀,기록,훈련"
41,경제,물가를 둘러싼 관심이 커지고 있다. 현장에서는 금리와 부동산 문제를 함께 살펴보고 있다. 특히 주식 흐름이 중요한 변수로 거론된다.,"물가,금리,부동산,주식"
42,스포츠,"기록 분야에서 새로운 변화가 관측됐다. 경기력와 선수를 둘러싼 해석이 이어지는 가운데, 훈련의 향방에도 관심이 쏠리고 있다.","기록,경기력,선수,훈련"
43,경제,소비를 둘러싼 관심이 커지고 있다. 현장에서는 시장와 부동산 문제를 함께 살펴보고 있다. 특히 기업 흐름이 중요한 변수로 거론된다.,"소비,시장,부동산,기업"
44,스포츠,"대회 분야에서 새로운 변화가 관측됐다. 팀와 경기를 둘러싼 해석이 이어지는 가운데, 훈련의 향방에도 관심이 쏠리고 있다.","대회,팀,경기,훈련"
45,스포츠,팬를 둘러싼 관심이 커지고 있다. 현장에서는 득점와 훈련 문제를 함께 살펴보고 있다. 특히 경기력 흐름이 중요한 변수로 거론된다.,"팬,득점,훈련,경기력"
46,과학기술,플랫폼를 둘러싼 관심이 커지고 있다. 현장에서는 연구와 혁신 문제를 함께 살펴보고 있다. 특히 반도체 흐름이 중요한 변수로 거론된다.,"플랫폼,연구,혁신,반도체"
47,정치+보건,"치료 분야에서 새로운 변화가 관측됐다. 간호와 외교를 둘러싼 해석이 이어지는 가운데, 증상 및 환자의 향방에도 관심이 쏠리고 있다.","치료,간호,외교,증상,환자,행정,선거,정책"
48,과학기술,"AI 분야에서 새로운 변화가 관측됐다. 소프트웨어와 반도체를 둘러싼 해석이 이어지는 가운데, 디지털의 향방에도 관심이 쏠리고 있다.","AI,소프트웨어,반도체,디지털"
49,보건,최근 건강와 관련한 움직임이 뚜렷해지고 있다. 예방를 계기로 의사 논의가 확대되는 모습이다. 이에 따라 연구를 둘러싼 전망도 엇갈리고 있다.,"건강,예방,의사,연구"
50,정치,"정책 분야에서 새로운 변화가 관측됐다. 예산와 법안를 둘러싼 해석이 이어지는 가운데, 행정의 향방에도 관심이 쏠리고 있다.","정책,예산,법안,행정"
51,스포츠,우승를 둘러싼 관심이 커지고 있다. 현장에서는 경기와 팬 문제를 함께 살펴보고 있다. 특히 대회 흐름이 중요한 변수로 거론된다.,"우승,경기,팬,대회"
52,경제,최근 시장와 관련한 움직임이 뚜렷해지고 있다. 산업를 계기로 성장 논의가 확대되는 모습이다. 이에 따라 주식를 둘러싼 전망도 엇갈리고 있다.,"시장,산업,성장,주식"
53,과학기술,소프트웨어과 디지털 관련 논의가 이어지고 있다. 알고리즘 중심으로 연구 변화가 나타나고 있다.,"소프트웨어,디지털,알고리즘,연구"
54,보건,검진를 둘러싼 관심이 커지고 있다. 현장에서는 환자와 의사 문제를 함께 살펴보고 있다. 특히 질병 흐름이 중요한 변수로 거론된다.,"검진,환자,의사,질병"
55,스포츠,"팀 분야에서 새로운 변화가 관측됐다. 훈련와 경기력를 둘러싼 해석이 이어지는 가운데, 감독의 향방에도 관심이 쏠리고 있다.","팀,훈련,경기력,감독"
56,보건,의사과 감염 관련 논의가 이어지고 있다. 보건 중심으로 치료 변화가 나타나고 있다.,"의사,감염,보건,치료"
57,보건,연구과 건강 관련 논의가 이어지고 있다. 감염 중심으로 검진 변화가 나타나고 있다.,"연구,건강,감염,검진"
58,보건,최근 환자와 관련한 움직임이 뚜렷해지고 있다. 감염를 계기로 검진 논의가 확대되는 모습이다. 이에 따라 의사를 둘러싼 전망도 엇갈리고 있다.,"환자,감염,검진,의사"
59,보건+정치,"의사 분야에서 새로운 변화가 관측됐다. 정책와 법안를 둘러싼 해석이 이어지는 가운데, 외교 및 행정의 향방에도 관심이 쏠리고 있다.","의사,정책,법안,외교,행정,건강,환자,의료"
60,스포츠,"선수 분야에서 새로운 변화가 관측됐다. 리그와 득점를 둘러싼 해석이 이어지는 가운데, 팀의 향방에도 관심이 쏠리고 있다.","선수,리그,득점,팀"
61,과학기술,최근 플랫폼와 관련한 움직임이 뚜렷해지고 있다. 기술를 계기로 디지털 논의가 확대되는 모습이다. 이에 따라 AI를 둘러싼 전망도 엇갈리고 있다.,"플랫폼,기술,디지털,AI"
62,보건,감염과 증상 관련 논의가 이어지고 있다. 보건 중심으로 예방 변화가 나타나고 있다.,"감염,증상,보건,예방"
63,과학기술+스포츠,"최근 시즌와 관련한 움직임이 뚜렷해지고 있다. 훈련를 계기로 대표팀 논의가 확대되는 모습이다. 이에 따라 플랫폼, 알고리즘를 둘러싼 전망도 엇갈리고 있다.","시즌,훈련,대표팀,플랫폼,알고리즘,반도체,기록,우주"
64,보건,최근 의료와 관련한 움직임이 뚜렷해지고 있다. 간호를 계기로 의사 논의가 확대되는 모습이다. 이에 따라 백신를 둘러싼 전망도 엇갈리고 있다.,"의료,간호,의사,백신"
65,보건,질병를 둘러싼 관심이 커지고 있다. 현장에서는 예방와 환자 문제를 함께 살펴보고 있다. 특히 증상 흐름이 중요한 변수로 거론된다.,"질병,예방,환자,증상"
66,과학기술+보건,"최근 환자와 관련한 움직임이 뚜렷해지고 있다. 증상를 계기로 예방 논의가 확대되는 모습이다. 이에 따라 인터넷, 질병를 둘러싼 전망도 엇갈리고 있다.","환자,증상,예방,인터넷,질병,개발,우주,알고리즘"
67,정치+보건,"최근 법안와 관련한 움직임이 뚜렷해지고 있다. 감염를 계기로 선거 논의가 확대되는 모습이다. 이에 따라 행정, 환자를 둘러싼 전망도 엇갈리고 있다.","법안,감염,선거,행정,환자,병원,예산,의료"
68,과학기술,디지털를 둘러싼 관심이 커지고 있다. 현장에서는 플랫폼와 소프트웨어 문제를 함께 살펴보고 있다. 특히 데이터 흐름이 중요한 변수로 거론된다.,"디지털,플랫폼,소프트웨어,데이터"
69,스포츠+보건,"선수 분야에서 새로운 변화가 관측됐다. 경기력와 팀를 둘러싼 해석이 이어지는 가운데, 건강 및 증상의 향방에도 관심이 쏠리고 있다.","선수,경기력,팀,건강,증상,연구,감염,대회"
70,스포츠,최근 선수와 관련한 움직임이 뚜렷해지고 있다. 경기를 계기로 대표팀 논의가 확대되는 모습이다. 이에 따라 팬를 둘러싼 전망도 엇갈리고 있다.,"선수,경기,대표팀,팬"
71,경제,"무역 분야에서 새로운 변화가 관측됐다. 투자와 금리를 둘러싼 해석이 이어지는 가운데, 기업의 향방에도 관심이 쏠리고 있다.","무역,투자,금리,기업"
72,과학기술,연구과 AI 관련 논의가 이어지고 있다. 디지털 중심으로 반도체 변화가 나타나고 있다.,"연구,AI,디지털,반도체"
73,보건,검진를 둘러싼 관심이 커지고 있다. 현장에서는 연구와 감염 문제를 함께 살펴보고 있다. 특히 증상 흐름이 중요한 변수로 거론된다.,"검진,연구,감염,증상"
74,보건,"의사 분야에서 새로운 변화가 관측됐다. 환자와 병원를 둘러싼 해석이 이어지는 가운데, 치료의 향방에도 관심이 쏠리고 있다.","의사,환자,병원,치료"
75,보건+과학기술,간호를 둘러싼 관심이 커지고 있다. 현장에서는 의료와 예방 문제를 함께 살펴보고 있다. 특히 AI뿐 아니라 플랫폼 흐름도 중요한 변수로 거론된다.,"간호,의료,예방,AI,플랫폼,의사,데이터,개발"
76,스포츠,"시즌 분야에서 새로운 변화가 관측됐다. 경기와 리그를 둘러싼 해석이 이어지는 가운데, 팬의 향방에도 관심이 쏠리고 있다.","시즌,경기,리그,팬"
77,경제,"수출 분야에서 새로운 변화가 관측됐다. 부동산와 산업를 둘러싼 해석이 이어지는 가운데, 금융의 향방에도 관심이 쏠리고 있다.","수출,부동산,산업,금융"
78,정치,정책과 개혁 관련 논의가 이어지고 있다. 야당 중심으로 의회 변화가 나타나고 있다.,"정책,개혁,야당,의회"
79,보건,"건강 분야에서 새로운 변화가 관측됐다. 백신와 환자를 둘러싼 해석이 이어지는 가운데, 예방의 향방에도 관심이 쏠리고 있다.","건강,백신,환자,예방"
80,스포츠+보건,팬과 연구 관련 논의가 이어지고 있다. 병원 중심으로 시즌 변화가 나타나고 있다. 전문가들은 훈련와 기록 영향에 주목하고 있다.,"팬,연구,병원,시즌,훈련,기록,질병,의료"
81,스포츠+경제,"감독 분야에서 새로운 변화가 관측됐다. 시장와 리그를 둘러싼 해석이 이어지는 가운데, 무역 및 투자의 향방에도 관심이 쏠리고 있다.","감독,시장,리그,무역,투자,대표팀,산업,대회"
82,보건,"예방 분야에서 새로운 변화가 관측됐다. 간호와 보건를 둘러싼 해석이 이어지는 가운데, 건강의 향방에도 관심이 쏠리고 있다.","예방,간호,보건,건강"
83,과학기술,최근 로봇와 관련한 움직임이 뚜렷해지고 있다. 우주를 계기로 개발 논의가 확대되는 모습이다. 이에 따라 반도체를 둘러싼 전망도 엇갈리고 있다.,"로봇,우주,개발,반도체"
84,스포츠,"경기력 분야에서 새로운 변화가 관측됐다. 경기와 리그를 둘러싼 해석이 이어지는 가운데, 대표팀의 향방에도 관심이 쏠리고 있다.","경기력,경기,리그,대표팀"
85,스포츠,"대회 분야에서 새로운 변화가 관측됐다. 훈련와 기록를 둘러싼 해석이 이어지는 가운데, 우승의 향방에도 관심이 쏠리고 있다.","대회,훈련,기록,우승"
86,과학기술+정치,야당과 예산 관련 논의가 이어지고 있다. 법안 중심으로 여당 변화가 나타나고 있다. 전문가들은 인터넷와 기술 영향에 주목하고 있다.,"야당,예산,법안,여당,인터넷,기술,소프트웨어,플랫폼"
87,과학기술,최근 로봇와 관련한 움직임이 뚜렷해지고 있다. 소프트웨어를 계기로 AI 논의가 확대되는 모습이다. 이에 따라 인터넷를 둘러싼 전망도 엇갈리고 있다.,"로봇,소프트웨어,AI,인터넷"
88,과학기술,혁신과 기술 관련 논의가 이어지고 있다. 데이터 중심으로 디지털 변화가 나타나고 있다.,"혁신,기술,데이터,디지털"
89,경제,주식과 금리 관련 논의가 이어지고 있다. 일자리 중심으로 부동산 변화가 나타나고 있다.,"주식,금리,일자리,부동산"
90,보건,최근 백신와 관련한 움직임이 뚜렷해지고 있다. 의사를 계기로 병원 논의가 확대되는 모습이다. 이에 따라 증상를 둘러싼 전망도 엇갈리고 있다.,"백신,의사,병원,증상"
91,경제,부동산과 금융 관련 논의가 이어지고 있다. 무역 중심으로 산업 변화가 나타나고 있다.,"부동산,금융,무역,산업"
92,과학기술,최근 반도체와 관련한 움직임이 뚜렷해지고 있다. 플랫폼를 계기로 개발 논의가 확대되는 모습이다. 이에 따라 혁신를 둘러싼 전망도 엇갈리고 있다.,"반도체,플랫폼,개발,혁신"
93,정치,최근 선거와 관련한 움직임이 뚜렷해지고 있다. 법안를 계기로 여당 논의가 확대되는 모습이다. 이에 따라 야당를 둘러싼 전망도 엇갈리고 있다.,"선거,법안,여당,야당"
94,보건,"보건 분야에서 새로운 변화가 관측됐다. 검진와 건강를 둘러싼 해석이 이어지는 가운데, 예방의 향방에도 관심이 쏠리고 있다.","보건,검진,건강,예방"
95,정치,외교과 개혁 관련 논의가 이어지고 있다. 정책 중심으로 협상 변화가 나타나고 있다.,"외교,개혁,정책,협상"
96,과학기술,최근 혁신와 관련한 움직임이 뚜렷해지고 있다. AI를 계기로 개발 논의가 확대되는 모습이다. 이에 따라 연구를 둘러싼 전망도 엇갈리고 있다.,"혁신,AI,개발,연구"
97,경제,금융를 둘러싼 관심이 커지고 있다. 현장에서는 금리와 성장 문제를 함께 살펴보고 있다. 특히 물가 흐름이 중요한 변수로 거론된다.,"금융,금리,성장,물가"
98,정치,예산과 협상 관련 논의가 이어지고 있다. 정부 중심으로 외교 변화가 나타나고 있다.,"예산,협상,정부,외교"
99,보건,최근 보건와 관련한 움직임이 뚜렷해지고 있다. 질병를 계기로 치료 논의가 확대되는 모습이다. 이에 따라 건강를 둘러싼 전망도 엇갈리고 있다.,"보건,질병,치료,건강"
100,보건,예방과 의사 관련 논의가 이어지고 있다. 증상 중심으로 의료 변화가 나타나고 있다.,"예방,의사,증상,의료"
101,경제+과학기술,"알고리즘 분야에서 새로운 변화가 관측됐다. 물가와 소프트웨어를 둘러싼 해석이 이어지는 가운데, 무역 및 성장의 향방에도 관심이 쏠리고 있다.","알고리즘,물가,소프트웨어,무역,성장,경제,AI,데이터"
102,보건,의료를 둘러싼 관심이 커지고 있다. 현장에서는 검진와 질병 문제를 함께 살펴보고 있다. 특히 환자 흐름이 중요한 변수로 거론된다.,"의료,검진,질병,환자"
103,과학기술,연구과 혁신 관련 논의가 이어지고 있다. 소프트웨어 중심으로 인터넷 변화가 나타나고 있다.,"연구,혁신,소프트웨어,인터넷"
104,과학기술,최근 데이터와 관련한 움직임이 뚜렷해지고 있다. 반도체를 계기로 우주 논의가 확대되는 모습이다. 이에 따라 디지털를 둘러싼 전망도 엇갈리고 있다.,"데이터,반도체,우주,디지털"
105,스포츠,"팬 분야에서 새로운 변화가 관측됐다. 우승와 대표팀를 둘러싼 해석이 이어지는 가운데, 감독의 향방에도 관심이 쏠리고 있다.","팬,우승,대표팀,감독"
106,보건,최근 백신와 관련한 움직임이 뚜렷해지고 있다. 병원를 계기로 보건 논의가 확대되는 모습이다. 이에 따라 질병를 둘러싼 전망도 엇갈리고 있다.,"백신,병원,보건,질병"
107,보건+스포츠,예방를 둘러싼 관심이 커지고 있다. 현장에서는 건강와 시즌 문제를 함께 살펴보고 있다. 특히 병원뿐 아니라 선수 흐름도 중요한 변수로 거론된다.,"예방,건강,시즌,병원,선수,경기력,훈련,질병"
108,스포츠,대회를 둘러싼 관심이 커지고 있다. 현장에서는 경기력와 팀 문제를 함께 살펴보고 있다. 특히 선수 흐름이 중요한 변수로 거론된다.,"대회,경기력,팀,선수"
109,스포츠,리그과 대표팀 관련 논의가 이어지고 있다. 경기 중심으로 감독 변화가 나타나고 있다.,"리그,대표팀,경기,감독"
110,보건+경제,소비과 병원 관련 논의가 이어지고 있다. 백신 중심으로 치료 변화가 나타나고 있다. 전문가들은 시장와 감염 영향에 주목하고 있다.,"소비,병원,백신,치료,시장,감염,주식,기업"
111,경제,부동산과 금융 관련 논의가 이어지고 있다. 시장 중심으로 소비 변화가 나타나고 있다.,"부동산,금융,시장,소비"
112,과학기술,최근 혁신와 관련한 움직임이 뚜렷해지고 있다. 데이터를 계기로 소프트웨어 논의가 확대되는 모습이다. 이에 따라 플랫폼를 둘러싼 전망도 엇갈리고 있다.,"혁신,데이터,소프트웨어,플랫폼"
113,정치,"선거 분야에서 새로운 변화가 관측됐다. 법안와 야당를 둘러싼 해석이 이어지는 가운데, 협상의 향방에도 관심이 쏠리고 있다.","선거,법안,야당,협상"
114,과학기술,데이터를 둘러싼 관심이 커지고 있다. 현장에서는 인터넷와 디지털 문제를 함께 살펴보고 있다. 특히 알고리즘 흐름이 중요한 변수로 거론된다.,"데이터,인터넷,디지털,알고리즘"
115,과학기술,최근 소프트웨어와 관련한 움직임이 뚜렷해지고 있다. 데이터를 계기로 디지털 논의가 확대되는 모습이다. 이에 따라 인터넷를 둘러싼 전망도 엇갈리고 있다.,"소프트웨어,데이터,디지털,인터넷"
116,경제,투자과 수출 관련 논의가 이어지고 있다. 물가 중심으로 부동산 변화가 나타나고 있다.,"투자,수출,물가,부동산"
117,보건,"치료 분야에서 새로운 변화가 관측됐다. 연구와 병원를 둘러싼 해석이 이어지는 가운데, 간호의 향방에도 관심이 쏠리고 있다.","치료,연구,병원,간호"
118,과학기술,연구를 둘러싼 관심이 커지고 있다. 현장에서는 디지털와 인터넷 문제를 함께 살펴보고 있다. 특히 AI 흐름이 중요한 변수로 거론된다.,"연구,디지털,인터넷,AI"
119,과학기술+경제,투자과 데이터 관련 논의가 이어지고 있다. 기술 중심으로 디지털 변화가 나타나고 있다. 전문가들은 성장와 주식 영향에 주목하고 있다.,"투자,데이터,기술,디지털,성장,주식,물가,우주"
120,보건+스포츠,"병원 분야에서 새로운 변화가 관측됐다. 연구와 선수를 둘러싼 해석이 이어지는 가운데, 팬 및 백신의 향방에도 관심이 쏠리고 있다.","병원,연구,선수,팬,백신,우승,시즌,치료"
121,보건,백신과 치료 관련 논의가 이어지고 있다. 보건 중심으로 예방 변화가 나타나고 있다.,"백신,치료,보건,예방"
122,스포츠+정치,훈련과 여당 관련 논의가 이어지고 있다. 외교 중심으로 시즌 변화가 나타나고 있다. 전문가들은 행정와 선수 영향에 주목하고 있다.,"훈련,여당,외교,시즌,행정,선수,리그,협상"
123,스포츠+과학기술,"최근 AI와 관련한 움직임이 뚜렷해지고 있다. 소프트웨어를 계기로 경기 논의가 확대되는 모습이다. 이에 따라 반도체, 개발를 둘러싼 전망도 엇갈리고 있다.","AI,소프트웨어,경기,반도체,개발,리그,시즌,대회"
124,과학기술+스포츠,소프트웨어과 디지털 관련 논의가 이어지고 있다. 대표팀 중심으로 경기력 변화가 나타나고 있다. 전문가들은 대회와 우주 영향에 주목하고 있다.,"소프트웨어,디지털,대표팀,경기력,대회,우주,로봇,팀"
125,스포츠,"경기력 분야에서 새로운 변화가 관측됐다. 우승와 팬를 둘러싼 해석이 이어지는 가운데, 시즌의 향방에도 관심이 쏠리고 있다.","경기력,우승,팬,시즌"
126,보건+경제,"투자 분야에서 새로운 변화가 관측됐다. 연구와 의료를 둘러싼 해석이 이어지는 가운데, 성장 및 일자리의 향방에도 관심이 쏠리고 있다.","투자,연구,의료,성장,일자리,보건,산업,감염"
127,보건,백신를 둘러싼 관심이 커지고 있다. 현장에서는 치료와 연구 문제를 함께 살펴보고 있다. 특히 질병 흐름이 중요한 변수로 거론된다.,"백신,치료,연구,질병"
128,보건,최근 치료와 관련한 움직임이 뚜렷해지고 있다. 검진를 계기로 백신 논의가 확대되는 모습이다. 이에 따라 보건를 둘러싼 전망도 엇갈리고 있다.,"치료,검진,백신,보건"
129,스포츠+경제,"최근 기록와 관련한 움직임이 뚜렷해지고 있다. 경기력를 계기로 시즌 논의가 확대되는 모습이다. 이에 따라 선수, 물가를 둘러싼 전망도 엇갈리고 있다.","기록,경기력,시즌,선수,물가,기업,부동산,수출"
130,정치+과학기술,"최근 AI와 관련한 움직임이 뚜렷해지고 있다. 기술를 계기로 연구 논의가 확대되는 모습이다. 이에 따라 여당, 개발를 둘러싼 전망도 엇갈리고 있다.","AI,기술,연구,여당,개발,예산,선거,법안"
131,정치+과학기술,플랫폼과 AI 관련 논의가 이어지고 있다. 여당 중심으로 협상 변화가 나타나고 있다. 전문가들은 개발와 인터넷 영향에 주목하고 있다.,"플랫폼,AI,여당,협상,개발,인터넷,안보,예산"
132,보건,"검진 분야에서 새로운 변화가 관측됐다. 간호와 보건를 둘러싼 해석이 이어지는 가운데, 환자의 향방에도 관심이 쏠리고 있다.","검진,간호,보건,환자"
133,스포츠,"대회 분야에서 새로운 변화가 관측됐다. 득점와 팬를 둘러싼 해석이 이어지는 가운데, 감독의 향방에도 관심이 쏠리고 있다.","대회,득점,팬,감독"
134,스포츠,대표팀과 기록 관련 논의가 이어지고 있다. 경기 중심으로 시즌 변화가 나타나고 있다.,"대표팀,기록,경기,시즌"
135,과학기술,인터넷를 둘러싼 관심이 커지고 있다. 현장에서는 연구와 혁신 문제를 함께 살펴보고 있다. 특히 디지털 흐름이 중요한 변수로 거론된다.,"인터넷,연구,혁신,디지털"
136,보건,최근 건강와 관련한 움직임이 뚜렷해지고 있다. 검진를 계기로 증상 논의가 확대되는 모습이다. 이에 따라 보건를 둘러싼 전망도 엇갈리고 있다.,"건강,검진,증상,보건"
137,보건,최근 보건와 관련한 움직임이 뚜렷해지고 있다. 치료를 계기로 검진 논의가 확대되는 모습이다. 이에 따라 의사를 둘러싼 전망도 엇갈리고 있다.,"보건,치료,검진,의사"
138,보건+경제,의료를 둘러싼 관심이 커지고 있다. 현장에서는 물가와 기업 문제를 함께 살펴보고 있다. 특히 일자리뿐 아니라 금리 흐름도 중요한 변수로 거론된다.,"의료,물가,기업,일자리,금리,질병,연구,백신"
139,경제,기업과 금융 관련 논의가 이어지고 있다. 소비 중심으로 일자리 변화가 나타나고 있다.,"기업,금융,소비,일자리"
140,경제,최근 금융와 관련한 움직임이 뚜렷해지고 있다. 주식를 계기로 수출 논의가 확대되는 모습이다. 이에 따라 소비를 둘러싼 전망도 엇갈리고 있다.,"금융,주식,수출,소비"
141,과학기술,"디지털 분야에서 새로운 변화가 관측됐다. 기술와 반도체를 둘러싼 해석이 이어지는 가운데, 혁신의 향방에도 관심이 쏠리고 있다.","디지털,기술,반도체,혁신"
142,과학기술,최근 디지털와 관련한 움직임이 뚜렷해지고 있다. 반도체를 계기로 로봇 논의가 확대되는 모습이다. 이에 따라 개발를 둘러싼 전망도 엇갈리고 있다.,"디지털,반도체,로봇,개발"
143,정치,정당를 둘러싼 관심이 커지고 있다. 현장에서는 국회와 예산 문제를 함께 살펴보고 있다. 특히 선거 흐름이 중요한 변수로 거론된다.,"정당,국회,예산,선거"
144,정치,"야당 분야에서 새로운 변화가 관측됐다. 정책와 행정를 둘러싼 해석이 이어지는 가운데, 외교의 향방에도 관심이 쏠리고 있다.","야당,정책,행정,외교"
145,경제,최근 성장와 관련한 움직임이 뚜렷해지고 있다. 금리를 계기로 투자 논의가 확대되는 모습이다. 이에 따라 산업를 둘러싼 전망도 엇갈리고 있다.,"성장,금리,투자,산업"
146,경제,"시장 분야에서 새로운 변화가 관측됐다. 소비와 수출를 둘러싼 해석이 이어지는 가운데, 주식의 향방에도 관심이 쏠리고 있다.","시장,소비,수출,주식"
147,정치,정당를 둘러싼 관심이 커지고 있다. 현장에서는 선거와 정부 문제를 함께 살펴보고 있다. 특히 대통령 흐름이 중요한 변수로 거론된다.,"정당,선거,정부,대통령"
148,정치,"개혁 분야에서 새로운 변화가 관측됐다. 법안와 외교를 둘러싼 해석이 이어지는 가운데, 예산의 향방에도 관심이 쏠리고 있다.","개혁,법안,외교,예산"
149,정치,대통령를 둘러싼 관심이 커지고 있다. 현장에서는 의회와 외교 문제를 함께 살펴보고 있다. 특히 선거 흐름이 중요한 변수로 거론된다.,"대통령,의회,외교,선거"
150,경제,"일자리 분야에서 새로운 변화가 관측됐다. 무역와 부동산를 둘러싼 해석이 이어지는 가운데, 투자의 향방에도 관심이 쏠리고 있다.","일자리,무역,부동산,투자"
151,정치,최근 선거와 관련한 움직임이 뚜렷해지고 있다. 의회를 계기로 정책 논의가 확대되는 모습이다. 이에 따라 예산를 둘러싼 전망도 엇갈리고 있다.,"선거,의회,정책,예산"
152,정치+보건,정책과 검진 관련 논의가 이어지고 있다. 선거 중심으로 백신 변화가 나타나고 있다. 전문가들은 정부와 안보 영향에 주목하고 있다.,"정책,검진,선거,백신,정부,안보,의사,치료"
153,정치+경제,"최근 안보와 관련한 움직임이 뚜렷해지고 있다. 무역를 계기로 수출 논의가 확대되는 모습이다. 이에 따라 선거, 정책를 둘러싼 전망도 엇갈리고 있다.","안보,무역,수출,선거,정책,경제,국회,산업"
154,보건+과학기술,의료과 건강 관련 논의가 이어지고 있다. 기술 중심으로 증상 변화가 나타나고 있다. 전문가들은 로봇와 소프트웨어 영향에 주목하고 있다.,"의료,건강,기술,증상,로봇,소프트웨어,보건,플랫폼"
155,경제,최근 투자와 관련한 움직임이 뚜렷해지고 있다. 성장를 계기로 주식 논의가 확대되는 모습이다. 이에 따라 무역를 둘러싼 전망도 엇갈리고 있다.,"투자,성장,주식,무역"
156,과학기술,"플랫폼 분야에서 새로운 변화가 관측됐다. 인터넷와 로봇를 둘러싼 해석이 이어지는 가운데, 기술의 향방에도 관심이 쏠리고 있다.","플랫폼,인터넷,로봇,기술"
157,정치+스포츠,정책를 둘러싼 관심이 커지고 있다. 현장에서는 경기와 시즌 문제를 함께 살펴보고 있다. 특히 예산뿐 아니라 야당 흐름도 중요한 변수로 거론된다.,"정책,경기,시즌,예산,야당,대표팀,감독,안보"
158,보건,최근 백신와 관련한 움직임이 뚜렷해지고 있다. 병원를 계기로 감염 논의가 확대되는 모습이다. 이에 따라 건강를 둘러싼 전망도 엇갈리고 있다.,"백신,병원,감염,건강"
159,정치,선거를 둘러싼 관심이 커지고 있다. 현장에서는 안보와 개혁 문제를 함께 살펴보고 있다. 특히 정책 흐름이 중요한 변수로 거론된다.,"선거,안보,개혁,정책"
160,정치,"개혁 분야에서 새로운 변화가 관측됐다. 안보와 외교를 둘러싼 해석이 이어지는 가운데, 정책의 향방에도 관심이 쏠리고 있다.","개혁,안보,외교,정책"
161,스포츠+보건,치료과 훈련 관련 논의가 이어지고 있다. 환자 중심으로 의료 변화가 나타나고 있다. 전문가들은 대표팀와 선수 영향에 주목하고 있다.,"치료,훈련,환자,의료,대표팀,선수,의사,팀"
162,보건,치료과 증상 관련 논의가 이어지고 있다. 보건 중심으로 예방 변화가 나타나고 있다.,"치료,증상,보건,예방"
163,경제,"금리 분야에서 새로운 변화가 관측됐다. 물가와 시장를 둘러싼 해석이 이어지는 가운데, 수출의 향방에도 관심이 쏠리고 있다.","금리,물가,시장,수출"
164,스포츠,"감독 분야에서 새로운 변화가 관측됐다. 대표팀와 팬를 둘러싼 해석이 이어지는 가운데, 선수의 향방에도 관심이 쏠리고 있다.","감독,대표팀,팬,선수"
165,스포츠,최근 시즌와 관련한 움직임이 뚜렷해지고 있다. 득점를 계기로 감독 논의가 확대되는 모습이다. 이에 따라 선수를 둘러싼 전망도 엇갈리고 있다.,"시즌,득점,감독,선수"
166,스포츠+경제,"최근 일자리와 관련한 움직임이 뚜렷해지고 있다. 기록를 계기로 대회 논의가 확대되는 모습이다. 이에 따라 시장, 경제를 둘러싼 전망도 엇갈리고 있다.","일자리,기록,대회,시장,경제,감독,투자,우승"
167,스포츠,팀과 선수 관련 논의가 이어지고 있다. 리그 중심으로 경기력 변화가 나타나고 있다.,"팀,선수,리그,경기력"
168,경제,일자리과 금융 관련 논의가 이어지고 있다. 물가 중심으로 기업 변화가 나타나고 있다.,"일자리,금융,물가,기업"
169,스포츠+보건,"최근 시즌와 관련한 움직임이 뚜렷해지고 있다. 의료를 계기로 병원 논의가 확대되는 모습이다. 이에 따라 팀, 우승를 둘러싼 전망도 엇갈리고 있다.","시즌,의료,병원,팀,우승,팬,검진,감염"
170,정치,개혁를 둘러싼 관심이 커지고 있다. 현장에서는 외교와 정책 문제를 함께 살펴보고 있다. 특히 여당 흐름이 중요한 변수로 거론된다.,"개혁,외교,정책,여당"
171,보건,최근 백신와 관련한 움직임이 뚜렷해지고 있다. 보건를 계기로 건강 논의가 확대되는 모습이다. 이에 따라 의사를 둘러싼 전망도 엇갈리고 있다.,"백신,보건,건강,의사"
172,정치+보건,"예방 분야에서 새로운 변화가 관측됐다. 국회와 여당를 둘러싼 해석이 이어지는 가운데, 병원 및 대통령의 향방에도 관심이 쏠리고 있다.","예방,국회,여당,병원,대통령,감염,정당,건강"
173,과학기술,AI를 둘러싼 관심이 커지고 있다. 현장에서는 디지털와 연구 문제를 함께 살펴보고 있다. 특히 플랫폼 흐름이 중요한 변수로 거론된다.,"AI,디지털,연구,플랫폼"
174,보건+정치,병원과 안보 관련 논의가 이어지고 있다. 선거 중심으로 야당 변화가 나타나고 있다. 전문가들은 의료와 정부 영향에 주목하고 있다.,"병원,안보,선거,야당,의료,정부,감염,예방"
175,스포츠,"경기력 분야에서 새로운 변화가 관측됐다. 팀와 대회를 둘러싼 해석이 이어지는 가운데, 득점의 향방에도 관심이 쏠리고 있다.","경기력,팀,대회,득점"
176,보건,"감염 분야에서 새로운 변화가 관측됐다. 검진와 증상를 둘러싼 해석이 이어지는 가운데, 의사의 향방에도 관심이 쏠리고 있다.","감염,검진,증상,의사"
177,보건,간호과 치료 관련 논의가 이어지고 있다. 연구 중심으로 백신 변화가 나타나고 있다.,"간호,치료,연구,백신"
178,경제+보건,"최근 물가와 관련한 움직임이 뚜렷해지고 있다. 간호를 계기로 증상 논의가 확대되는 모습이다. 이에 따라 경제, 수출를 둘러싼 전망도 엇갈리고 있다.","물가,간호,증상,경제,수출,무역,치료,감염"
179,스포츠,최근 팬와 관련한 움직임이 뚜렷해지고 있다. 대회를 계기로 훈련 논의가 확대되는 모습이다. 이에 따라 대표팀를 둘러싼 전망도 엇갈리고 있다.,"팬,대회,훈련,대표팀"
180,정치,최근 예산와 관련한 움직임이 뚜렷해지고 있다. 협상를 계기로 선거 논의가 확대되는 모습이다. 이에 따라 행정를 둘러싼 전망도 엇갈리고 있다.,"예산,협상,선거,행정"
181,스포츠,대표팀를 둘러싼 관심이 커지고 있다. 현장에서는 팀와 팬 문제를 함께 살펴보고 있다. 특히 경기 흐름이 중요한 변수로 거론된다.,"대표팀,팀,팬,경기"
182,경제,최근 소비와 관련한 움직임이 뚜렷해지고 있다. 투자를 계기로 시장 논의가 확대되는 모습이다. 이에 따라 금융를 둘러싼 전망도 엇갈리고 있다.,"소비,투자,시장,금융"
183,과학기술,반도체를 둘러싼 관심이 커지고 있다. 현장에서는 인터넷와 소프트웨어 문제를 함께 살펴보고 있다. 특히 우주 흐름이 중요한 변수로 거론된다.,"반도체,인터넷,소프트웨어,우주"
184,스포츠,"훈련 분야에서 새로운 변화가 관측됐다. 득점와 시즌를 둘러싼 해석이 이어지는 가운데, 대회의 향방에도 관심이 쏠리고 있다.","훈련,득점,시즌,대회"
185,보건,간호를 둘러싼 관심이 커지고 있다. 현장에서는 백신와 보건 문제를 함께 살펴보고 있다. 특히 검진 흐름이 중요한 변수로 거론된다.,"간호,백신,보건,검진"
186,보건,"예방 분야에서 새로운 변화가 관측됐다. 간호와 의사를 둘러싼 해석이 이어지는 가운데, 질병의 향방에도 관심이 쏠리고 있다.","예방,간호,의사,질병"
187,보건,"예방 분야에서 새로운 변화가 관측됐다. 연구와 간호를 둘러싼 해석이 이어지는 가운데, 보건의 향방에도 관심이 쏠리고 있다.","예방,연구,간호,보건"
188,경제,최근 소비와 관련한 움직임이 뚜렷해지고 있다. 일자리를 계기로 시장 논의가 확대되는 모습이다. 이에 따라 주식를 둘러싼 전망도 엇갈리고 있다.,"소비,일자리,시장,주식"
189,경제,경제를 둘러싼 관심이 커지고 있다. 현장에서는 주식와 금리 문제를 함께 살펴보고 있다. 특히 무역 흐름이 중요한 변수로 거론된다.,"경제,주식,금리,무역"
190,스포츠+경제,"산업 분야에서 새로운 변화가 관측됐다. 경기와 선수를 둘러싼 해석이 이어지는 가운데, 소비 및 시즌의 향방에도 관심이 쏠리고 있다.","산업,경기,선수,소비,시즌,수출,성장,팀"
191,보건,예방과 병원 관련 논의가 이어지고 있다. 검진 중심으로 백신 변화가 나타나고 있다.,"예방,병원,검진,백신"
192,경제,최근 기업와 관련한 움직임이 뚜렷해지고 있다. 산업를 계기로 경제 논의가 확대되는 모습이다. 이에 따라 시장를 둘러싼 전망도 엇갈리고 있다.,"기업,산업,경제,시장"
193,정치,"협상 분야에서 새로운 변화가 관측됐다. 국회와 야당를 둘러싼 해석이 이어지는 가운데, 여당의 향방에도 관심이 쏠리고 있다.","협상,국회,야당,여당"
194,경제,수출를 둘러싼 관심이 커지고 있다. 현장에서는 주식와 경제 문제를 함께 살펴보고 있다. 특히 무역 흐름이 중요한 변수로 거론된다.,"수출,주식,경제,무역"
195,보건,증상를 둘러싼 관심이 커지고 있다. 현장에서는 보건와 치료 문제를 함께 살펴보고 있다. 특히 병원 흐름이 중요한 변수로 거론된다.,"증상,보건,치료,병원"
196,과학기술,우주를 둘러싼 관심이 커지고 있다. 현장에서는 기술와 소프트웨어 문제를 함께 살펴보고 있다. 특히 디지털 흐름이 중요한 변수로 거론된다.,"우주,기술,소프트웨어,디지털"
197,과학기술,최근 AI와 관련한 움직임이 뚜렷해지고 있다. 반도체를 계기로 기술 논의가 확대되는 모습이다. 이에 따라 연구를 둘러싼 전망도 엇갈리고 있다.,"AI,반도체,기술,연구"
198,보건,감염를 둘러싼 관심이 커지고 있다. 현장에서는 보건와 병원 문제를 함께 살펴보고 있다. 특히 증상 흐름이 중요한 변수로 거론된다.,"감염,보건,병원,증상"
199,정치+과학기술,연구를 둘러싼 관심이 커지고 있다. 현장에서는 법안와 협상 문제를 함께 살펴보고 있다. 특히 인터넷뿐 아니라 대통령 흐름도 중요한 변수로 거론된다.,"연구,법안,협상,인터넷,대통령,데이터,개혁,우주"
200,스포츠,우승를 둘러싼 관심이 커지고 있다. 현장에서는 득점와 대표팀 문제를 함께 살펴보고 있다. 특히 대회 흐름이 중요한 변수로 거론된다.,"우승,득점,대표팀,대회"
201,스포츠,경기력과 기록 관련 논의가 이어지고 있다. 선수 중심으로 대회 변화가 나타나고 있다.,"경기력,기록,선수,대회"
202,정치,여당를 둘러싼 관심이 커지고 있다. 현장에서는 국회와 안보 문제를 함께 살펴보고 있다. 특히 행정 흐름이 중요한 변수로 거론된다.,"여당,국회,안보,행정"
203,스포츠,시즌과 선수 관련 논의가 이어지고 있다. 훈련 중심으로 팀 변화가 나타나고 있다.,"시즌,선수,훈련,팀"
204,스포츠,우승과 훈련 관련 논의가 이어지고 있다. 팬 중심으로 경기 변화가 나타나고 있다.,"우승,훈련,팬,경기"
205,정치,국회과 개혁 관련 논의가 이어지고 있다. 협상 중심으로 정부 변화가 나타나고 있다.,"국회,개혁,협상,정부"
206,정치,최근 선거와 관련한 움직임이 뚜렷해지고 있다. 개혁를 계기로 야당 논의가 확대되는 모습이다. 이에 따라 정부를 둘러싼 전망도 엇갈리고 있다.,"선거,개혁,야당,정부"
207,과학기술,플랫폼과 데이터 관련 논의가 이어지고 있다. 알고리즘 중심으로 소프트웨어 변화가 나타나고 있다.,"플랫폼,데이터,알고리즘,소프트웨어"
208,스포츠+과학기술,대회를 둘러싼 관심이 커지고 있다. 현장에서는 감독와 대표팀 문제를 함께 살펴보고 있다. 특히 팀뿐 아니라 디지털 흐름도 중요한 변수로 거론된다.,"대회,감독,대표팀,팀,디지털,알고리즘,AI,연구"
209,보건+경제,"물가 분야에서 새로운 변화가 관측됐다. 환자와 보건를 둘러싼 해석이 이어지는 가운데, 시장 및 산업의 향방에도 관심이 쏠리고 있다.","물가,환자,보건,시장,산업,부동산,질병,예방"
210,정치,의회과 정부 관련 논의가 이어지고 있다. 외교 중심으로 개혁 변화가 나타나고 있다.,"의회,정부,외교,개혁"
211,보건+경제,"최근 의사와 관련한 움직임이 뚜렷해지고 있다. 부동산를 계기로 백신 논의가 확대되는 모습이다. 이에 따라 금융, 물가를 둘러싼 전망도 엇갈리고 있다.","의사,부동산,백신,금융,물가,감염,보건,일자리"
212,스포츠+경제,"최근 시장와 관련한 움직임이 뚜렷해지고 있다. 시즌를 계기로 경기력 논의가 확대되는 모습이다. 이에 따라 대회, 우승를 둘러싼 전망도 엇갈리고 있다.","시장,시즌,경기력,대회,우승,수출,부동산,성장"
213,스포츠,"기록 분야에서 새로운 변화가 관측됐다. 훈련와 리그를 둘러싼 해석이 이어지는 가운데, 팀의 향방에도 관심이 쏠리고 있다.","기록,훈련,리그,팀"
214,스포츠,팀과 감독 관련 논의가 이어지고 있다. 대회 중심으로 우승 변화가 나타나고 있다.,"팀,감독,대회,우승"
215,보건,질병과 보건 관련 논의가 이어지고 있다. 간호 중심으로 환자 변화가 나타나고 있다.,"질병,보건,간호,환자"
216,경제,최근 금융와 관련한 움직임이 뚜렷해지고 있다. 물가를 계기로 소비 논의가 확대되는 모습이다. 이에 따라 일자리를 둘러싼 전망도 엇갈리고 있다.,"금융,물가,소비,일자리"
217,정치,의회를 둘러싼 관심이 커지고 있다. 현장에서는 여당와 정당 문제를 함께 살펴보고 있다. 특히 개혁 흐름이 중요한 변수로 거론된다.,"의회,여당,정당,개혁"
218,경제,최근 산업와 관련한 움직임이 뚜렷해지고 있다. 성장를 계기로 금리 논의가 확대되는 모습이다. 이에 따라 무역를 둘러싼 전망도 엇갈리고 있다.,"산업,성장,금리,무역"
219,보건,최근 의사와 관련한 움직임이 뚜렷해지고 있다. 간호를 계기로 의료 논의가 확대되는 모습이다. 이에 따라 환자를 둘러싼 전망도 엇갈리고 있다.,"의사,간호,의료,환자"
220,정치,최근 외교와 관련한 움직임이 뚜렷해지고 있다. 의회를 계기로 정부 논의가 확대되는 모습이다. 이에 따라 대통령를 둘러싼 전망도 엇갈리고 있다.,"외교,의회,정부,대통령"
221,보건+경제,질병를 둘러싼 관심이 커지고 있다. 현장에서는 감염와 건강 문제를 함께 살펴보고 있다. 특히 성장뿐 아니라 부동산 흐름도 중요한 변수로 거론된다.,"질병,감염,건강,성장,부동산,의료,경제,무역"
222,스포츠+과학기술,우주과 AI 관련 논의가 이어지고 있다. 시즌 중심으로 대회 변화가 나타나고 있다. 전문가들은 경기와 혁신 영향에 주목하고 있다.,"우주,AI,시즌,대회,경기,혁신,데이터,감독"
223,정치,"정책 분야에서 새로운 변화가 관측됐다. 안보와 외교를 둘러싼 해석이 이어지는 가운데, 개혁의 향방에도 관심이 쏠리고 있다.","정책,안보,외교,개혁"
224,스포츠+과학기술,연구를 둘러싼 관심이 커지고 있다. 현장에서는 리그와 대회 문제를 함께 살펴보고 있다. 특히 우주뿐 아니라 경기 흐름도 중요한 변수로 거론된다.,"연구,리그,대회,우주,경기,경기력,디지털,AI"
225,스포츠+보건,건강과 의료 관련 논의가 이어지고 있다. 환자 중심으로 경기력 변화가 나타나고 있다. 전문가들은 리그와 득점 영향에 주목하고 있다.,"건강,의료,환자,경기력,리그,득점,백신,우승"
226,과학기술,플랫폼과 혁신 관련 논의가 이어지고 있다. AI 중심으로 우주 변화가 나타나고 있다.,"플랫폼,혁신,AI,우주"
227,과학기술,알고리즘를 둘러싼 관심이 커지고 있다. 현장에서는 개발와 기술 문제를 함께 살펴보고 있다. 특히 혁신 흐름이 중요한 변수로 거론된다.,"알고리즘,개발,기술,혁신"
228,스포츠+과학기술,"시즌 분야에서 새로운 변화가 관측됐다. 연구와 우주를 둘러싼 해석이 이어지는 가운데, 개발 및 혁신의 향방에도 관심이 쏠리고 있다.","시즌,연구,우주,개발,혁신,선수,경기,리그"
229,보건,"치료 분야에서 새로운 변화가 관측됐다. 감염와 질병를 둘러싼 해석이 이어지는 가운데, 의사의 향방에도 관심이 쏠리고 있다.","치료,감염,질병,의사"
230,경제,"소비 분야에서 새로운 변화가 관측됐다. 투자와 물가를 둘러싼 해석이 이어지는 가운데, 경제의 향방에도 관심이 쏠리고 있다.","소비,투자,물가,경제"
231,정치+보건,"예방 분야에서 새로운 변화가 관측됐다. 예산와 연구를 둘러싼 해석이 이어지는 가운데, 정부 및 검진의 향방에도 관심이 쏠리고 있다.","예방,예산,연구,정부,검진,정책,야당,의료"
232,스포츠+보건,팀과 치료 관련 논의가 이어지고 있다. 기록 중심으로 환자 변화가 나타나고 있다. 전문가들은 건강와 선수 영향에 주목하고 있다.,"팀,치료,기록,환자,건강,선수,예방,대표팀"
233,과학기술,"데이터 분야에서 새로운 변화가 관측됐다. 연구와 기술를 둘러싼 해석이 이어지는 가운데, 알고리즘의 향방에도 관심이 쏠리고 있다.","데이터,연구,기술,알고리즘"
234,스포츠,최근 선수와 관련한 움직임이 뚜렷해지고 있다. 경기를 계기로 우승 논의가 확대되는 모습이다. 이에 따라 대회를 둘러싼 전망도 엇갈리고 있다.,"선수,경기,우승,대회"
235,정치,개혁를 둘러싼 관심이 커지고 있다. 현장에서는 예산와 여당 문제를 함께 살펴보고 있다. 특히 협상 흐름이 중요한 변수로 거론된다.,"개혁,예산,여당,협상"
236,경제,주식를 둘러싼 관심이 커지고 있다. 현장에서는 경제와 기업 문제를 함께 살펴보고 있다. 특히 물가 흐름이 중요한 변수로 거론된다.,"주식,경제,기업,물가"
237,과학기술,기술를 둘러싼 관심이 커지고 있다. 현장에서는 플랫폼와 연구 문제를 함께 살펴보고 있다. 특히 데이터 흐름이 중요한 변수로 거론된다.,"기술,플랫폼,연구,데이터"
238,경제,최근 주식와 관련한 움직임이 뚜렷해지고 있다. 산업를 계기로 시장 논의가 확대되는 모습이다. 이에 따라 성장를 둘러싼 전망도 엇갈리고 있다.,"주식,산업,시장,성장"
239,스포츠,감독를 둘러싼 관심이 커지고 있다. 현장에서는 득점와 팬 문제를 함께 살펴보고 있다. 특히 리그 흐름이 중요한 변수로 거론된다.,"감독,득점,팬,리그"
240,보건,최근 보건와 관련한 움직임이 뚜렷해지고 있다. 예방를 계기로 의사 논의가 확대되는 모습이다. 이에 따라 검진를 둘러싼 전망도 엇갈리고 있다.,"보건,예방,의사,검진"
241,과학기술,"반도체 분야에서 새로운 변화가 관측됐다. 기술와 개발를 둘러싼 해석이 이어지는 가운데, 데이터의 향방에도 관심이 쏠리고 있다.","반도체,기술,개발,데이터"
242,경제,소비를 둘러싼 관심이 커지고 있다. 현장에서는 주식와 물가 문제를 함께 살펴보고 있다. 특히 수출 흐름이 중요한 변수로 거론된다.,"소비,주식,물가,수출"
243,경제,"기업 분야에서 새로운 변화가 관측됐다. 주식와 부동산를 둘러싼 해석이 이어지는 가운데, 소비의 향방에도 관심이 쏠리고 있다.","기업,주식,부동산,소비"
244,과학기술,최근 소프트웨어와 관련한 움직임이 뚜렷해지고 있다. 개발를 계기로 우주 논의가 확대되는 모습이다. 이에 따라 인터넷를 둘러싼 전망도 엇갈리고 있다.,"소프트웨어,개발,우주,인터넷"
245,스포츠,팬를 둘러싼 관심이 커지고 있다. 현장에서는 대표팀와 선수 문제를 함께 살펴보고 있다. 특히 시즌 흐름이 중요한 변수로 거론된다.,"팬,대표팀,선수,시즌"
246,정치,야당과 정책 관련 논의가 이어지고 있다. 예산 중심으로 여당 변화가 나타나고 있다.,"야당,정책,예산,여당"
247,스포츠+경제,물가과 금융 관련 논의가 이어지고 있다. 득점 중심으로 부동산 변화가 나타나고 있다. 전문가들은 경기력와 훈련 영향에 주목하고 있다.,"물가,금융,득점,부동산,경기력,훈련,소비,우승"
248,경제+보건,간호과 의사 관련 논의가 이어지고 있다. 주식 중심으로 수출 변화가 나타나고 있다. 전문가들은 백신와 의료 영향에 주목하고 있다.,"간호,의사,주식,수출,백신,의료,금리,성장"
249,정치,행정를 둘러싼 관심이 커지고 있다. 현장에서는 법안와 정책 문제를 함께 살펴보고 있다. 특히 정부 흐름이 중요한 변수로 거론된다.,"행정,법안,정책,정부"
250,스포츠,대회를 둘러싼 관심이 커지고 있다. 현장에서는 득점와 감독 문제를 함께 살펴보고 있다. 특히 우승 흐름이 중요한 변수로 거론된다.,"대회,득점,감독,우승"
